date,session,model,quant,size_gib,device,backend,build,link,config,method,metric,value_low,value_high,mtp_acceptance,notes,chart
2026-05-07,may,Qwen3-8B,Q4_K_M,4.86,RTX 3060 Ti,Vulkan,build 9013 (e48034dfc),Gen4 x4,-ngl 99 -fa 1 -ctk q8_0,llama-bench pp512/tg200 r3,pp,2324,2324,,,
2026-05-07,may,Qwen3-8B,Q4_K_M,4.86,RTX 3060 Ti,Vulkan,build 9013 (e48034dfc),Gen4 x4,-ngl 99 -fa 1 -ctk q8_0,llama-bench pp512/tg200 r3,tg,64.3,64.3,,,dense-tg|eGPU · Vulkan build 9013
2026-05-07,may,Qwen3-8B,Q4_K_M,4.86,Radeon 780M,Vulkan,build 9013 (e48034dfc),n/a,-ngl 99 -fa 1 -ctk q8_0 RADV_PERFTEST=nogttspill,llama-bench pp512/tg200 r3,pp,272,272,,,
2026-05-07,may,Qwen3-8B,Q4_K_M,4.86,Radeon 780M,Vulkan,build 9013 (e48034dfc),n/a,-ngl 99 -fa 1 -ctk q8_0 RADV_PERFTEST=nogttspill,llama-bench pp512/tg200 r3,tg,15.65,15.65,,,dense-tg|780M iGPU · Vulkan build 9013
2026-05-05,may,Qwen3-8B,Q4_K_M,4.86,Radeon 780M,ROCm (HIP gfx1103),build 9013 (e48034dfc),n/a,-ngl 36 -fa 1 -ctk q8_0 -ctv q8_0,llama-bench pp512/tg200 r3,pp,349,349,,symmetric K/V enables the fused FA path on HIP,
2026-05-05,may,Qwen3-8B,Q4_K_M,4.86,Radeon 780M,ROCm (HIP gfx1103),build 9013 (e48034dfc),n/a,-ngl 36 -fa 1 -ctk q8_0 -ctv q8_0,llama-bench pp512/tg200 r3,tg,10.95,10.95,,,
2026-05-07,may,Qwen3-8B,Q4_K_M,4.86,780M + RTX,Vulkan,build 9013 (e48034dfc),Gen4 x4,-dev Vulkan0/Vulkan1 -ts 1/3,llama-bench pp512/tg200 r3,tg,23.8,23.8,,layer split across both GPUs,dense-tg|both GPUs (layer split) · Vulkan build 9013
2026-05-05,may,Llama-3-8B-Instruct,EXL2 4.0bpw,4.7,RTX 3060 Ti,ExLlamaV2 0.3.2,n/a,Gen4 x4,default,custom pp512/tg200 r3,pp,2900,2900,,different model than Qwen3-8B: framework comparison only,
2026-05-05,may,Llama-3-8B-Instruct,EXL2 4.0bpw,4.7,RTX 3060 Ti,ExLlamaV2 0.3.2,n/a,Gen4 x4,default,custom pp512/tg200 r3,tg,73.3,73.3,,different model than Qwen3-8B: framework comparison only,
2026-05-07,may,Qwen3.6-27B,Q4_K_M,16.21,Radeon 780M,Vulkan,build 9013 (e48034dfc),n/a,-ngl 99 -fa 1 -ctk q8_0,llama-bench pp512/tg200 r3,tg,4.56,4.56,,dense model larger than the 8 GB card,
2026-05-07,may,Qwen3.6-27B,Q4_K_M,16.21,780M + RTX,Vulkan,build 9013 (e48034dfc),Gen4 x4,-dev Vulkan0/Vulkan1 -ts 3/2,llama-bench pp512/tg200 r3,pp,98.5,98.5,,+43-45% prompt vs iGPU alone (67.7-68.8 t/s in two runs),
2026-05-07,may,Qwen3.6-35B-A3B,Q4_K_M,22.28,RTX 3060 Ti,Vulkan,build 9013 (e48034dfc),Gen4 x4,-ngl 99 -fa 1 -ctk q8_0 -ncmoe 32,llama-bench pp512/tg200 r3,pp,191,191,,,
2026-05-07,may,Qwen3.6-35B-A3B,Q4_K_M,22.28,RTX 3060 Ti,Vulkan,build 9013 (e48034dfc),Gen4 x4,-ngl 99 -fa 1 -ctk q8_0 -ncmoe 32,llama-bench pp512/tg200 r3,tg,33.3,33.3,,,
2026-05-07,may,Qwen3.6-35B-A3B,Q4_K_M,22.28,Radeon 780M,Vulkan,build 9013 (e48034dfc),n/a,-ngl 99 -fa 1 -ctk q8_0,llama-bench pp512/tg200 r3,pp,309,309,,without nogttspill (model larger than UMA),
2026-05-07,may,Qwen3.6-35B-A3B,Q4_K_M,22.28,Radeon 780M,Vulkan,build 9013 (e48034dfc),n/a,-ngl 99 -fa 1 -ctk q8_0,llama-bench pp512/tg200 r3,tg,28.0,28.0,,without nogttspill (model larger than UMA),
2026-05-07,may,Qwen3.6-35B-A3B,Q4_K_M,22.28,Radeon 780M,Vulkan,build 9013 (e48034dfc),n/a,-ngl 99 -fa 1 -ctk q8_0 RADV_PERFTEST=nogttspill,llama-bench pp512/tg200 r3,tg,20.5,20.5,,nogttspill hurts when the model does not fit UMA,
2026-05-07,may,Qwen3.6-35B-A3B,Q4_K_M,22.28,780M + RTX,Vulkan,build 9013 (e48034dfc),Gen4 x4,-dev Vulkan0/Vulkan1 -ts 4/1,llama-bench pp512/tg200 r3,tg,7.3,7.3,,layer split across both GPUs,
2026-05-07,may,Qwen3.6-35B-A3B,Q4_K_M,22.28,RTX 3060 Ti,Ollama (CUDA),n/a,Gen4 x4,Ollama defaults,Ollama API,tg,11.2,11.2,,same model through Ollama at the time,moe-tg|Q4_K_M · Ollama CUDA · Gen4 link (May 2026)
2026-05-07,may,Gemma 4 26B-A4B,UD-Q4_K_M,15.78,Radeon 780M,Vulkan,build 9013 (e48034dfc),n/a,-ngl 99 -fa 1 -ctk q8_0 -ctv q8_0 -ub 1024,llama-bench pp512/tg200 r3,pp,334,334,,,
2026-05-07,may,Gemma 4 26B-A4B,UD-Q4_K_M,15.78,Radeon 780M,Vulkan,build 9013 (e48034dfc),n/a,-ngl 99 -fa 1 -ctk q8_0 -ctv q8_0 -ub 1024,llama-bench pp512/tg200 r3,tg,19.0,19.0,,,
2026-05-07,may,Gemma 4 26B-A4B,UD-Q4_K_M,15.78,Radeon 780M,Vulkan,build 9013 (e48034dfc),n/a,-ngl 99 -fa 1 -ctk q8_0 RADV_PERFTEST=nogttspill,llama-bench pp512/tg200 r3,tg,9.9,9.9,,f16 V cache and forced UMA,
2026-05-07,may,Gemma 4 26B-A4B,UD-Q4_K_M,15.78,RTX 3060 Ti,Vulkan,build 9013 (e48034dfc),Gen4 x4,-ngl 99 -fa 1 -ctk q8_0 -ncmoe 22,llama-bench pp512/tg200 r3,tg,29.0,29.0,,,
2026-05-09,may,Qwen3.6-35B-A3B MTP,Q4_K_M,20.22,RTX 3060 Ti,CUDA,PR #22673 (5d5f1b46e),Gen4 x4,-ngl 99 -fa 1 -ctk q8_0 -ub 512 -ncmoe 30,llama-server tg150,tg,39.5,39.5,,baseline without MTP,
2026-05-09,may,Qwen3.6-35B-A3B MTP,Q4_K_M,20.22,RTX 3060 Ti,CUDA,PR #22673 (5d5f1b46e),Gen4 x4,-ngl 99 -fa 1 -ctk q8_0 -ub 512 -ncmoe 33 MTP n=3,llama-server tg150,tg,50.0,50.0,0.653,,
2026-05-09,may,Qwen3.6-35B-A3B MTP,Q4_K_M,20.22,Radeon 780M,Vulkan,PR #22673 (5d5f1b46e),n/a,-ngl 99 -fa 1 -ctk q8_0 -ub 1024,llama-server tg150,tg,23.4,23.4,,baseline without MTP,
2026-05-09,may,Qwen3.6-35B-A3B MTP,Q4_K_M,20.22,Radeon 780M,Vulkan,PR #22673 (5d5f1b46e),n/a,-ngl 99 -fa 1 -ctk q8_0 -ub 1024 MTP n=2,llama-server tg150,tg,28.2,28.2,0.733,,
2026-10-06,oct-gen4,Qwen3.6-35B-A3B MTP,UD-Q4_K_M,21.10,RTX 3060 Ti,Vulkan,build 11433 (50569eb87),Gen4 x4,-ngl 99 -fa 1 -ctk q8_0 -ncmoe 30,llama-bench pp512/tg200 r3,pp,217.42,217.42,,,
2026-10-06,oct-gen4,Qwen3.6-35B-A3B MTP,UD-Q4_K_M,21.10,RTX 3060 Ti,Vulkan,build 11433 (50569eb87),Gen4 x4,-ngl 99 -fa 1 -ctk q8_0 -ncmoe 30,llama-bench pp512/tg200 r3,tg,33.76,33.76,,,
2026-10-06,oct-gen4,Qwen3.6-35B-A3B MTP,UD-Q4_K_M,21.10,RTX 3060 Ti,CUDA 13.4,master abeada3,Gen4 x4,-ngl 99 -fa 1 -ctk q8_0 -ctv f16 -ub 512 -ncmoe 30,llama-bench pp512/tg200 r3,pp,298.8,298.8,,,
2026-10-06,oct-gen4,Qwen3.6-35B-A3B MTP,UD-Q4_K_M,21.10,RTX 3060 Ti,CUDA 13.4,master abeada3,Gen4 x4,-ngl 99 -fa 1 -ctk q8_0 -ctv f16 -ub 512 -ncmoe 30,llama-bench pp512/tg200 r3,tg,45.61,45.61,,baseline without MTP,
2026-10-07,oct-gen4,Qwen3.6-35B-A3B MTP,UD-Q4_K_M,21.10,RTX 3060 Ti,CUDA 13.4,master abeada3,Gen4 x4,-ngl 99 -fa 1 -ctk q8_0 -ctv f16 -ub 512 -c 2048 -np 1 -ncmoe 30,llama-server tg200,tg,45.55,45.98,,"baseline without MTP; 45.98 at -c 2048 on 2026-10-06, 45.55 in a replay with -c 4096 on 2026-10-07",moe-tg|UD-Q4_K_M · CUDA abeada3 · no MTP · ncmoe 30 · Gen4 link
2026-10-06,oct-gen4,Qwen3.6-35B-A3B MTP,UD-Q4_K_M,21.10,RTX 3060 Ti,CUDA 13.4,master abeada3,Gen4 x4,-ngl 99 -fa 1 -ctk q8_0 -ctv f16 -ub 512 -c 2048 -np 1 -ncmoe 33 MTP n=2,llama-server tg200,tg,58.78,59.37,0.748,"best observed configuration; 58.78-59.20 in 4 runs at -c 2048, 59.37 in a replay with -c 4096 on 2026-10-07",moe-tg|UD-Q4_K_M · CUDA abeada3 · MTP n=2 · ncmoe 33 · Gen4 link
2026-10-06,oct-gen4,Qwen3.6-35B-A3B MTP,UD-Q4_K_M,21.10,RTX 3060 Ti,CUDA 13.4,master abeada3,Gen4 x4,-ngl 99 -fa 1 -ctk q8_0 -ctv f16 -ub 512 -c 2048 -np 1 -ncmoe 32 MTP n=2,llama-server tg200,tg,51.68,57.34,0.689,,
2026-10-06,oct-gen4,Qwen3.6-35B-A3B MTP,UD-Q4_K_M,21.10,RTX 3060 Ti,CUDA 13.4,master abeada3,Gen4 x4,-ngl 99 -fa 1 -ctk q8_0 -ctv f16 -ub 512 -c 2048 -np 1 -ncmoe 33 MTP n=3,llama-server tg200,tg,54.22,54.49,0.596,,
2026-10-06,oct-gen4,Gemma 4 26B-A4B QAT,UD-Q4_K_XL,13.27,RTX 3060 Ti,CUDA 13.4,master abeada3,Gen4 x4,-ngl 99 -fa 1 -ctk q8_0 -ctv f16 -ub 512 -c 4096 -ncmoe 17,llama-bench pp512/tg200 r3,pp,516.82,516.82,,,
2026-10-06,oct-gen4,Gemma 4 26B-A4B QAT,UD-Q4_K_XL,13.27,RTX 3060 Ti,CUDA 13.4,master abeada3,Gen4 x4,-ngl 99 -fa 1 -ctk q8_0 -ctv f16 -ub 512 -c 4096 -ncmoe 17,llama-server tg200,tg,47.78,47.78,,baseline without MTP,
2026-10-06,oct-gen4,Gemma 4 26B-A4B QAT,UD-Q4_K_XL,13.27,RTX 3060 Ti,CUDA 13.4,master abeada3,Gen4 x4,-ngl 99 -fa 1 -ctk q8_0 -ctv f16 -ub 512 -c 4096 -ncmoe 17 + external MTP drafter n=2,llama-server tg200,tg,54.24,54.24,0.556,drafter on CUDA0 with -otd token_embd.weight=CUDA0,
2026-10-06,oct-gen4,Gemma 4 26B-A4B QAT,UD-Q4_K_XL,13.27,RTX 3060 Ti,CUDA 13.4,master abeada3,Gen4 x4,-ngl 99 -fa 1 -ctk q8_0 -ctv f16 -ub 512 -c 4096 -ncmoe 17 + external MTP drafter n=3,llama-server tg200,tg,46.64,46.64,0.402,,
2026-10-09,oct-gen3,"Huihui-Qwen3.6-35B-A3B-abliterated (finetune, MTP head)",Q4_K,20.22,RTX 3060 Ti,CUDA 13.4,master abeada3,Gen3 x4,-ngl 99 -fa on -ctk q8_0 -ctv q8_0 -ub 2048 -b 2048 -ncmoe 33 -c 65536 MTP n=2 GGML_OP_OFFLOAD_MIN_BATCH=1024,llama-server completion tg200,tg,41.5,43.2,,link down-trained to Gen3 since 2026-10-08,
2026-10-09,oct-gen3,"Huihui-Qwen3.6-35B-A3B-abliterated (finetune, MTP head)",Q4_K,20.22,RTX 3060 Ti,CUDA 13.4,master abeada3,Gen3 x4,-ngl 99 -fa on -ctk q8_0 -ctv q8_0 -ub 2048 -b 2048 -ncmoe 33 -c 65536 MTP n=2 GGML_OP_OFFLOAD_MIN_BATCH=1024,llama-server chat 5780-token prompt,pp,155,158,,,moe-pp|eGPU · CUDA abeada3 · ncmoe 33 · Gen3 link
2026-10-09,oct-gen3,"Huihui-Qwen3.6-35B-A3B-abliterated (finetune, MTP head)",Q4_K,20.22,RTX 3060 Ti,CUDA 13.4,master abeada3,Gen3 x4,-ngl 99 -fa on -ctk q8_0 -ctv q8_0 -ub 2048 -b 2048 -ncmoe 33 -c 65536 MTP n=2 GGML_OP_OFFLOAD_MIN_BATCH=1024,llama-server chat 5780-token prompt,tg,38,43,,,
2026-10-09,oct-gen3,"Huihui-Qwen3.6-35B-A3B-abliterated (finetune, MTP head)",Q4_K,20.22,Radeon 780M,Vulkan,master abeada3,n/a,-dev Vulkan0 -ngl 99 -fa on -ctk q8_0 -ctv q8_0 -ub 1024 -c 32768 MTP n=2,llama-server completion tg200,tg,25.6,27.9,,,moe-tg|Huihui Q4_K · 780M Vulkan abeada3 · MTP n=2
2026-10-09,oct-gen3,"Huihui-Qwen3.6-35B-A3B-abliterated (finetune, MTP head)",Q4_K,20.22,Radeon 780M,Vulkan,master abeada3,n/a,-dev Vulkan0 -ngl 99 -fa on -ctk q8_0 -ctv q8_0 -ub 1024 -c 32768 MTP n=2,llama-server chat 5780-token prompt,pp,390,394,,2.5x the eGPU: no expert copies over the link,moe-pp|780M iGPU · Vulkan abeada3
2026-10-09,oct-gen3,"Huihui-Qwen3.6-35B-A3B-abliterated (finetune, MTP head)",Q4_K,20.22,Radeon 780M,Vulkan,master abeada3,n/a,-dev Vulkan0 -ngl 99 -fa on -ctk q8_0 -ctv q8_0 -ub 1024 -c 32768 MTP n=2,llama-server chat 5780-token prompt,tg,28.5,29.7,,,
2026-10-09,oct-gen3,"Huihui-Qwen3.6-35B-A3B-abliterated (finetune, MTP head)",Q4_K,20.22,Radeon 780M,Vulkan,build 11433 (50569eb87),n/a,-dev Vulkan0 -ngl 99 -fa on -ctk q8_0 -ctv q8_0 -ub 1024 -c 32768 MTP n=2,llama-server completion tg200,tg,23.6,25,,older Vulkan build: 10-25% slower,
2026-10-09,oct-gen3,"Huihui-Qwen3.6-35B-A3B-abliterated (finetune, MTP head)",Q4_K,20.22,RTX + 780M (experts on iGPU),Vulkan,master abeada3,Gen3 x4,-ot ffn_.*_exps=Vulkan0,llama-server completion tg200,tg,20,21,,slower than the iGPU alone,moe-tg|Huihui Q4_K · both GPUs (experts on iGPU) · Vulkan abeada3
2026-10-09,oct-gen3,Qwen3.6-35B-A3B MTP,UD-Q4_K_M,21.10,RTX 3060 Ti,CUDA 13.4,master de7fa0a,Gen3 x4,-ngl 99 -fa 1 -ctk q8_0 -ctv q8_0 -cmoe,llama-server tg200,tg,37.0,37.0,,all experts on CPU: 2.6 GB VRAM,
2026-10-09,oct-gen3,Qwen3.6-35B-A3B MTP,UD-Q4_K_M,21.10,RTX 3060 Ti,CUDA 13.4,master de7fa0a,Gen3 x4,-ngl 99 -fa 1 -ctk q8_0 -ctv q8_0 -ncmoe 30,llama-server tg200,tg,33.0,33.0,,7.4 GB VRAM,
2026-10-09,oct-gen3,Qwen3.6-35B-A3B MTP,UD-Q4_K_M,21.10,RTX 3060 Ti,CUDA 13.4,master de7fa0a,Gen3 x4,-ngl 99 -fa 1 -ctk q8_0 -ctv q8_0 -cmoe MTP n=2,llama-server tg200,tg,45.6,45.6,,3.1 GB VRAM,moe-tg|UD-Q4_K_M · CUDA de7fa0a · MTP n=2 · -cmoe · Gen3 link
2026-10-09,oct-gen3,Qwen3.6-35B-A3B MTP,UD-Q4_K_M,21.10,RTX 3060 Ti,CUDA 13.4,master de7fa0a,Gen3 x4,-ngl 99 -fa 1 -ctk q8_0 -ctv q8_0 -ncmoe 33 MTP n=2,llama-server tg200,tg,39.9,39.9,,,
2026-10-09,oct-gen3,Qwen3.6-35B-A3B MTP,UD-Q4_K_M,21.10,RTX 3060 Ti,CUDA 13.4,master abeada3,Gen3 x4,-ngl 99 -fa 1 -ctk q8_0 -ctv f16 -ub 512 -c 4096 -np 1 -ncmoe 33 MTP n=2,"llama-server tg200, completion prompt (same request as bin/serve-bench)",tg,41.1,41.1,0.748,replay of the 2026-10-06 conditions after the link dropped to Gen3; same acceptance,moe-tg|UD-Q4_K_M · CUDA abeada3 · MTP n=2 · ncmoe 33 · Gen3 link
2026-10-09,oct-gen3,Qwen3.6-35B-A3B MTP,UD-Q4_K_M,21.10,RTX 3060 Ti,CUDA 13.4,master abeada3,Gen3 x4,-ngl 99 -fa 1 -ctk q8_0 -ctv f16 -ub 512 -c 4096 -np 1 -ncmoe 30,"llama-server tg200, completion prompt (same request as bin/serve-bench)",tg,35.5,35.5,,replay of the 2026-10-06 baseline (45.55-45.98) after the link dropped to Gen3,moe-tg|UD-Q4_K_M · CUDA abeada3 · no MTP · ncmoe 30 · Gen3 link
2026-10-09,oct-gen3,Qwen3.6-35B-A3B MTP,UD-Q4_K_M,21.10,RTX 3060 Ti,CUDA 13.4,master de7fa0a,Gen3 x4,-ngl 99 -fa 1 -ctk q8_0 -ctv f16 -ub 512 -c 4096 -np 1 -ncmoe 33 MTP n=2,"llama-server tg200, completion prompt (same request as bin/serve-bench)",tg,37.8,37.8,0.634,newer master: lower MTP acceptance than abeada3,
2026-10-09,oct-gen3,Qwen3.6-35B-A3B MTP,UD-Q4_K_M,21.10,RTX 3060 Ti,CUDA 13.4,master de7fa0a,Gen3 x4,-ngl 99 -fa 1 -ctk q8_0 -ctv f16 -ub 512 -np 1 -c 4096 -ncmoe 36 DFlash n=3,llama-server tg200 x3,tg,40.6,40.9,,acceptance 0.45; MTP n=2 with -cmoe did 40.9-45.0 in the same run,
2026-10-09,oct-gen3,Qwen3.6-35B-A3B MTP,UD-Q4_K_M,21.10,RTX 3060 Ti,CUDA 13.4,master de7fa0a,Gen3 x4,-cmoe --moe-cache-mib 4000,llama-server tg200,tg,7.9,7.9,,MoE expert GPU cache (#29887): net loss on a slow link,
